file	package	version	source
vue.global.prod.js	vue	3.4.21	https://unpkg.com/vue@3.4.21/dist/vue.global.prod.js
vue-router.global.prod.js	vue-router	4.3.0	https://unpkg.com/vue-router@4.3.0/dist/vue-router.global.prod.js
pinia.iife.prod.js	pinia	2.1.7	https://unpkg.com/pinia@2.1.7/dist/pinia.iife.prod.js
index.css	element-plus	2.7.0	https://unpkg.com/element-plus@2.7.0/dist/index.css
index.full.min.js	element-plus	2.7.0	https://unpkg.com/element-plus@2.7.0/dist/index.full.min.js
echarts.min.js	echarts	5.5.0	https://unpkg.com/echarts@5.5.0/dist/echarts.min.js
axios.min.js	axios	1.7.0	https://unpkg.com/axios@1.7.0/dist/axios.min.js
marked.min.js	marked	13.0.0	https://unpkg.com/marked@13.0.0/lib/marked.umd.js
xlsx.full.min.js	xlsx	0.18.5	https://unpkg.com/xlsx@0.18.5/dist/xlsx.full.min.js
